{
    "pangyo": {
        "parcels": 244,
        "area_km2": 1.9333190894981622,
        "vacant_ratio": 70.49180327868852,
        "avg_far": 164.99316063899195,
        "lum": 0.6419495134483945,
        "use_ratios": {
            "업무시설": 57.75662394397811,
            "오피스텔(사실상 주거)": 0.0,
            "주거시설": 11.219706374186188,
            "상업/근생시설": 0.006193719292072613,
            "교육연구시설": 27.62821928368678,
            "기타": 3.3892566788568472
        },
        "pop_30m": 3165152,
        "work_30m": 1606688,
        "biz_30m": 216720,
        "pop_60m": 20825181,
        "work_60m": 6173576,
        "biz_60m": 1040223,
        "dist_pop": 16462.07966008871,
        "dist_work": 81036.30369092453,
        "dist_biz": 2626.38422509755,
        "wj_ratio": 4.922604273832547
    },
    "cheongna": {
        "parcels": 336,
        "area_km2": 1.873525004540262,
        "vacant_ratio": 49.702380952380956,
        "avg_far": 101.51975913269034,
        "lum": 0.6209619022730155,
        "use_ratios": {
            "업무시설": 24.18250787397131,
            "오피스텔(사실상 주거)": 0.0,
            "주거시설": 64.35764969925573,
            "상업/근생시설": 4.562666560082752,
            "교육연구시설": 2.9876623346539155,
            "기타": 3.9095135320362995
        },
        "pop_30m": 1323010,
        "work_30m": 273454,
        "biz_30m": 50774,
        "pop_60m": 11418555,
        "work_60m": 3404956,
        "biz_60m": 597288,
        "dist_pop": 41059.45127500843,
        "dist_work": 2921.0313565698184,
        "dist_biz": 865.9405763160111,
        "wj_ratio": 0.071141509831812
    }
}